{"cameraMode":{"drawMode":0,"name":"Shaded","section":"Shading Mode"},"sceneLighting":true,"audioPlay":false,"sceneViewState":{"showFog":true,"showMaterialUpdate":false,"showSkybox":true,"showFlares":true,"showImageEffects":true,"showParticleSystems":true},"in2DMode":false,"pivot":{"x":5.080693244934082,"y":-4.551247596740723,"z":-4.837916374206543},"rotation":{"x":-0.09516019374132157,"y":-0.893757700920105,"z":0.22669817507266999,"w":-0.37526798248291018},"size":17.292137145996095,"orthographic":false}